Date,France_recovered,Germany_recovered,Italy_recovered,Spain_recovered,UK_recovered,France_cases,Germany_cases,Italy_cases,Spain_cases,UK_cases,France_tests,Germany_tests,Italy_tests,Spain_tests,UK_tests,France_deaths,Germany_deaths,Italy_deaths,Spain_deaths,UK_deaths
1/22/20,0,0,0,0,0,NA,NA,NA,NA,NA,NA,NA,NA,NA,NA,NA,NA,NA,NA,NA
1/23/20,0,0,0,0,0,NA,NA,NA,NA,NA,NA,NA,NA,NA,NA,NA,NA,NA,NA,NA
1/24/20,0,0,0,0,0,2,NA,NA,NA,NA,NA,NA,NA,NA,NA,NA,NA,NA,NA,NA
1/25/20,0,0,0,0,0,3,NA,NA,NA,NA,NA,NA,NA,NA,NA,NA,NA,NA,NA,NA
1/26/20,0,0,0,0,0,3,NA,NA,NA,NA,NA,NA,NA,NA,NA,NA,NA,NA,NA,NA
1/27/20,0,0,0,0,0,3,1,NA,NA,NA,NA,NA,NA,NA,NA,NA,NA,NA,NA,NA
1/28/20,0,0,0,0,0,4,4,NA,NA,NA,NA,NA,NA,NA,NA,NA,NA,NA,NA,NA
1/29/20,0,0,0,0,0,5,4,NA,NA,NA,NA,NA,NA,NA,NA,NA,NA,NA,NA,NA
1/30/20,0,0,0,0,0,5,4,NA,NA,NA,NA,NA,NA,NA,NA,NA,NA,NA,NA,NA
1/31/20,0,0,0,0,0,5,5,2,NA,2,NA,NA,NA,NA,NA,NA,NA,NA,NA,NA
2/1/20,0,0,0,0,0,6,8,2,1,2,NA,NA,NA,NA,NA,NA,NA,NA,NA,NA
2/2/20,0,0,0,0,0,6,10,2,1,2,NA,NA,NA,NA,NA,NA,NA,NA,NA,NA
2/3/20,0,0,0,0,0,6,12,2,1,8,NA,NA,NA,NA,NA,NA,NA,NA,NA,NA
2/4/20,0,0,0,0,0,6,12,2,1,8,NA,NA,NA,NA,NA,NA,NA,NA,NA,NA
2/5/20,0,0,0,0,0,6,12,2,1,9,NA,NA,NA,NA,NA,NA,NA,NA,NA,NA
2/6/20,0,0,0,0,0,6,12,2,1,9,NA,NA,NA,NA,NA,NA,NA,NA,NA,NA
2/7/20,0,0,0,0,0,6,13,3,1,9,NA,NA,NA,NA,NA,NA,NA,NA,NA,NA
2/8/20,0,0,0,0,0,11,13,3,1,13,NA,NA,NA,NA,NA,NA,NA,NA,NA,NA
2/9/20,0,0,0,0,0,11,14,3,2,14,NA,NA,NA,NA,NA,NA,NA,NA,NA,NA
2/10/20,0,0,0,0,0,11,14,3,2,14,NA,NA,NA,NA,NA,NA,NA,NA,NA,NA
2/11/20,0,0,0,0,0,11,16,3,2,15,NA,NA,NA,NA,NA,NA,NA,NA,NA,NA
2/12/20,2,0,0,0,1,11,16,3,2,16,NA,NA,NA,NA,NA,NA,NA,NA,NA,NA
2/13/20,2,1,0,0,1,11,16,3,2,17,NA,NA,NA,NA,NA,NA,NA,NA,NA,NA
2/14/20,2,1,0,0,1,11,16,3,2,18,NA,NA,NA,NA,NA,NA,NA,NA,NA,NA
2/15/20,4,1,0,2,1,12,16,3,2,18,NA,NA,NA,NA,NA,1,NA,NA,NA,NA
2/16/20,4,1,0,2,8,12,16,3,2,18,NA,NA,NA,NA,NA,1,NA,NA,NA,NA
2/17/20,4,1,0,2,8,12,16,3,2,19,NA,NA,NA,NA,NA,1,NA,NA,NA,NA
2/18/20,4,12,0,2,8,12,16,3,2,19,NA,NA,NA,NA,NA,1,NA,NA,NA,NA
2/19/20,4,12,0,2,8,12,16,3,2,20,NA,NA,NA,NA,NA,1,NA,NA,NA,NA
2/20/20,4,12,0,2,8,12,16,3,2,22,NA,NA,NA,NA,NA,1,NA,NA,NA,NA
2/21/20,4,14,0,2,8,12,16,20,2,23,NA,NA,NA,NA,NA,1,NA,1,NA,NA
2/22/20,4,14,1,2,8,12,16,62,2,23,NA,NA,NA,NA,NA,1,NA,2,NA,NA
2/23/20,4,14,2,2,8,12,16,155,2,28,3318,NA,NA,NA,NA,1,NA,3,NA,NA
2/24/20,4,14,1,2,8,12,16,229,2,30,NA,NA,4324,NA,NA,1,NA,7,NA,NA
2/25/20,11,14,1,2,8,14,17,322,6,34,NA,NA,8623,NA,NA,1,NA,10,NA,NA
2/26/20,11,15,3,2,8,18,27,453,13,37,NA,NA,9587,NA,NA,2,NA,12,NA,NA
2/27/20,11,16,45,2,8,38,46,655,15,44,NA,NA,12014,NA,NA,2,NA,17,NA,NA
2/28/20,11,16,46,2,8,57,48,888,32,56,NA,NA,15695,NA,NA,2,NA,21,NA,NA
2/29/20,12,16,46,2,8,100,79,1128,45,61,NA,NA,18661,NA,NA,2,NA,29,NA,NA
3/1/20,12,16,83,2,8,130,130,1694,84,94,14419,NA,21127,NA,NA,2,NA,34,NA,NA
3/2/20,12,16,149,2,8,191,159,2036,120,134,NA,NA,23345,NA,NA,3,NA,52,NA,NA
3/3/20,12,16,160,2,8,212,196,2502,165,189,NA,NA,25856,NA,NA,4,NA,79,1,NA
3/4/20,12,16,276,2,8,288,262,3089,222,246,NA,NA,29837,NA,NA,4,NA,107,2,NA
3/5/20,12,16,414,2,8,426,482,3858,259,295,NA,NA,32362,NA,NA,7,NA,148,3,NA
3/6/20,12,17,523,2,8,616,670,4636,400,374,NA,NA,36359,NA,NA,9,NA,197,5,1
3/7/20,12,18,589,30,18,948,799,5883,500,429,NA,NA,42062,NA,NA,16,NA,233,10,2
3/8/20,12,18,622,30,18,1125,1040,7375,673,483,44042,NA,49937,NA,NA,19,NA,366,17,2
3/9/20,12,18,724,32,18,1411,1176,9172,1073,630,NA,NA,53826,NA,NA,25,2,463,28,3
3/10/20,12,18,724,32,18,1783,1457,10149,1695,889,NA,NA,60761,NA,NA,33,2,631,35,7
3/11/20,12,25,1045,183,18,2293,1908,12462,2277,1301,NA,NA,73154,NA,NA,48,3,827,54,7
3/12/20,12,25,1045,183,18,2293,2078,15113,2277,1790,NA,NA,86011,NA,NA,48,3,1016,55,9
3/13/20,12,46,1439,193,18,3681,3675,17660,5232,2270,NA,NA,97488,NA,NA,79,7,1266,133,10
3/14/20,12,46,1966,517,18,4496,4585,21157,6391,2634,NA,NA,109170,NA,NA,91,9,1441,195,29
3/15/20,12,46,2335,517,18,4532,5795,24747,7798,3077,117277,129291,124899,NA,NA,91,11,1809,289,43
3/16/20,12,67,2749,530,20,6683,7272,27980,9942,3692,NA,NA,137962,NA,NA,149,17,2158,342,66
3/17/20,12,67,2941,1028,52,7715,9257,31506,11748,4462,NA,NA,148657,NA,NA,149,24,2503,533,83
3/18/20,12,105,4025,1081,65,9124,12327,35713,13910,5468,NA,NA,165541,NA,NA,149,28,2978,623,118
3/19/20,12,113,4440,1107,65,10970,15320,41035,17963,6534,NA,NA,182777,NA,NA,244,44,3405,830,164
3/20/20,12,180,4440,1588,65,12758,19848,47021,20410,7792,NA,NA,206886,NA,NA,451,67,4032,1043,196
3/21/20,12,233,6072,2125,65,14463,22213,53578,25374,9007,NA,NA,233222,NA,NA,563,84,4825,1375,254
3/22/20,2200,266,7024,2575,65,16758,24873,59138,28768,10395,240147,503825,258402,NA,NA,676,94,5476,1772,289
3/23/20,2200,266,7024,2575,65,20123,29056,63927,35136,12744,NA,NA,275468,NA,NA,862,123,6077,2311,365
3/24/20,3243,3243,8326,3794,135,22372,32986,69176,39885,15126,NA,NA,296964,NA,NA,1102,157,6820,2808,513
3/25/20,3900,3547,9362,5367,135,25334,37323,74386,49515,17843,NA,NA,324445,NA,NA,1333,206,7503,3647,704
3/26/20,4948,5673,10361,7015,135,29252,43938,80589,57786,20970,NA,NA,361060,NA,NA,1697,267,8215,4365,886
3/27/20,5700,6658,10950,9357,135,33047,50871,86498,65719,24219,NA,NA,394079,NA,NA,1996,342,9134,5138,1174
3/28/20,5700,8481,12384,12285,135,37692,57695,92472,73235,27062,NA,NA,429526,NA,NA,2314,433,10023,5982,1466
3/29/20,7202,9211,13030,14709,135,40295,62095,97689,80110,29954,367176,881424,454030,NA,NA,2608,533,10779,6803,1679
3/30/20,7927,13500,14620,16780,135,44649,66885,101739,87956,34281,NA,NA,477359,NA,NA,3026,645,11591,7716,2053
3/31/20,9444,16100,15729,19259,135,52278,71808,105792,95923,38815,NA,NA,506968,NA,155174,3526,775,12428,8464,2457
4/1/20,10934,18700,16847,22647,135,57122,77872,110574,104118,43789,NA,NA,541423,NA,167098,4778,920,13155,9387,3130
4/2/20,12428,22440,18278,26743,135,59228,84794,115242,112065,48718,NA,NA,581232,NA,182047,5387,1107,13915,10348,3787
4/3/20,14008,24575,19758,30513,135,64452,91159,119827,119199,53699,NA,NA,619849,NA,222937,6509,1275,14681,11198,4524
4/4/20,15438,26400,20996,34219,135,47378,96092,124632,126168,57772,NA,NA,657224,NA,238836,7562,1444,15362,11947,5281
4/5/20,16183,28700,21815,38080,135,48233,100123,128948,131646,61422,507492,1299070,691461,NA,251569,8081,1584,15887,12641,5882
4/6/20,17250,28700,22837,40437,135,50887,103374,132547,136675,66738,NA,NA,721732,NA,265885,8914,1810,16523,13341,6452
4/7/20,19337,36081,24392,43208,135,47396,107663,135586,141942,72224,NA,NA,755445,NA,280304,10330,2016,17127,14045,7557
4/8/20,21254,46300,26491,48021,135,51251,113296,139422,148220,77387,NA,NA,807125,NA,296747,10874,2349,17669,14792,8589
4/9/20,23206,52407,28470,52165,135,55035,118181,143626,153222,82293,NA,NA,853369,NA,315141,12214,2607,18279,15447,9706
4/10/20,24932,53913,30455,55668,344,56600,122171,147577,158273,86660,NA,NA,906864,NA,332925,13199,2767,18849,16081,10829
4/11/20,26391,57400,32534,59109,344,58045,124908,152271,163027,90273,NA,NA,963473,NA,350575,13835,2736,19468,16606,11673
4/12/20,27186,60300,34211,62391,344,108791,127854,156363,166831,93812,652593,1685311,1010193,NA,365081,14396,3022,19899,17209,12330
4/13/20,27718,64300,35435,64727,NA,111932,130072,159516,170099,98017,NA,NA,1046910,930230,379649,14969,3194,20465,17756,13055
4/14/20,28512,68200,37130,67504,NA,129380,131359,162488,172541,102365,NA,NA,1073689,NA,395912,15712,3294,21067,18056,14135
4/15/20,30440,72600,38092,70853,NA,132588,134753,165155,177644,107465,NA,NA,1117404,NA,414469,17150,3804,21645,18708,15019
4/16/20,32297,77000,40164,74797,NA,145166,137698,168941,184948,112808,NA,NA,1178403,NA,435389,17903,4052,22170,19315,16059
4/17/20,33834,83114,42727,74797,NA,147057,141397,172434,190839,117798,NA,NA,1244108,NA,456527,18664,4352,22745,20002,16973
4/18/20,35379,85400,44927,74797,NA,150863,143342,175925,191726,122534,NA,NA,1305833,NA,477776,19305,4459,23227,20043,18081
4/19/20,35973,88000,47055,77357,NA,151955,145184,178972,198674,126394,804988,2025294,1356541,NA,497092,19694,4586,23660,20453,18514
4/20/20,36782,91500,48877,80587,NA,154402,147065,181228,200210,131260,NA,NA,1398024,NA,532229,20241,4862,24114,20852,19090
4/21/20,38543,95200,51600,82514,NA,157068,148291,183957,204178,136035,NA,NA,1450150,NA,554992,20769,5033,24648,21282,20314
4/22/20,39988,99400,54543,85915,NA,158868,150648,187327,208389,141540,NA,NA,1513251,NA,578066,21313,5279,25085,21717,21171
4/23/20,41414,103300,57576,89250,NA,157158,153129,189973,213024,146708,NA,NA,1579909,1035522,606093,21829,5575,25549,22157,21855
4/24/20,42715,109800,60498,92355,NA,159969,154999,192994,202990,151689,NA,NA,1642356,NA,634319,22219,5760,25969,22524,22873
4/25/20,43816,109800,63120,95708,NA,161647,156513,195351,205905,155453,NA,NA,1707743,NA,663377,22588,5877,26384,22902,23689
4/26/20,44125,112000,64928,98372,NA,162280,157770,197675,207634,158926,926289,2388953,1757659,NA,694987,22830,5976,26644,23190,24053
4/27/20,44733,114500,66624,100875,NA,165966,158758,199414,209465,163630,NA,NA,1789662,NA,726553,23267,6126,26977,23521,24376
4/28/20,45997,117400,68941,102548,NA,169098,159912,201505,210773,168357,NA,NA,1846934,NA,771817,23634,6314,27359,23822,25347
4/29/20,47338,120400,71252,108947,NA,167643,161539,203591,212917,173807,NA,NA,1910761,NA,839597,24060,6467,27682,24275,26118
4/30/20,48572,123500,75945,112050,NA,168861,163009,205463,213435,178771,NA,NA,1979217,1351130,922684,24349,6623,27967,24543,26754
5/1/20,49300,126900,78249,112050,NA,169387,164077,207428,215216,183501,NA,NA,2053425,NA,996826,24566,6736,28236,24543,27454
5/2/20,49751,129000,79914,117248,NA,170179,164967,209328,216582,186731,NA,NA,2108837,NA,1060387,24763,6812,28710,25100,28039
5/3/20,49973,130600,81654,118902,NA,170540,165664,210717,217466,189708,1046697,2716752,2153772,NA,1128590,24898,6866,28884,25264,28292
5/4/20,50438,132700,82879,121343,NA,171102,166152,211938,218011,193091,NA,NA,2191403,NA,1208190,25204,6993,29079,25428,28565
5/5/20,51803,135100,85231,123486,NA,172219,167007,213013,219329,196780,NA,NA,2246666,NA,1270344,25537,6993,29315,25613,29290
5/6/20,53022,139900,93245,126002,NA,176355,168162,214457,220325,200616,NA,NA,2310929,NA,1347190,25812,7275,29684,25857,29937
5/7/20,54076,141700,96276,128511,NA,177096,169430,215858,221447,204387,NA,NA,2381288,1625211,1424655,25991,7392,29958,26070,30395
5/8/20,54770,141700,99023,131148,NA,177627,170588,217185,222857,207439,NA,NA,2445063,NA,1501622,26233,7510,30201,26299,30975
5/9/20,54886,143300,103031,133952,NA,178156,171324,218268,223578,209589,NA,NA,2514234,NA,1578774,26313,7549,30395,26478,31250
5/10/20,55062,144400,105186,136166,NA,178405,171879,219070,224350,211911,1197769,3102390,2565912,NA,1655281,26383,7569,30560,26621,31467
5/11/20,55569,145617,106587,137139,NA,178719,172576,219814,227436,215500,NA,NA,2606652,NA,1725696,26646,7661,30739,26744,31655
5/12/20,56617,147200,109039,138980,NA,179472,173171,221216,228030,218895,NA,NA,2673655,NA,1800289,26994,7738,30911,26920,32270
5/13/20,57368,148700,112541,140823,NA,179993,174098,222104,228691,222195,NA,NA,2735628,NA,1884165,27079,7861,31106,27104,32718
5/14/20,58300,150300,115288,143374,NA,180635,174478,223096,229540,224813,NA,NA,2807504,1919411,1968871,27430,7884,31368,27321,33071
5/15/20,59143,151597,120205,144783,NA,181148,175233,223885,230183,227334,NA,NA,2875680,NA,2060212,27532,7897,31610,27459,33422
5/16/20,59142,152600,122810,146446,NA,181563,175752,224760,230698,229406,NA,NA,2944859,NA,2151572,27630,7938,31763,27563,33833
5/17/20,59907,154011,125176,146446,NA,181703,176369,225435,230698,231232,1432650,3534072,3004960,NA,2232850,28113,7962,31908,27563,33900
5/18/20,60416,155041,127326,150376,NA,182147,176551,225886,231606,233809,NA,NA,3041366,NA,2302976,28242,8003,32007,27709,34046
5/19/20,61246,155681,129401,150376,NA,182648,177778,226699,232037,236867,NA,NA,3104524,NA,2380736,28025,8081,32169,27778,34547
5/20/20,61713,156966,132282,NA,NA,183130,178473,227364,232555,239579,NA,NA,3171719,NA,2467369,28136,8144,32330,27888,34876
5/21/20,62216,158087,134560,NA,NA,183397,179021,228006,233037,242133,NA,NA,3243398,2221497,2573033,28218,8203,32486,27940,35149
5/22/20,62557,159064,136720,NA,NA,184153,179710,228658,234824,244174,NA,NA,3318778,NA,2664230,28366,8228,32616,28628,35440
5/23/20,62893,159716,138840,NA,NA,184699,179986,229327,235290,245682,NA,NA,3391188,NA,2756068,28452,8261,32735,28678,35660
5/24/20,62961,160281,140479,NA,NA,184260,180328,229858,235772,247037,1689912,3890561,3447012,NA,2815535,28372,8283,32785,28752,36039
5/25/20,63542,161199,141981,NA,NA,184585,180600,230158,235400,248650,NA,NA,3482253,NA,2963880,28461,8309,32877,26834,36143
5/26/20,64222,161967,144658,NA,NA,184840,181200,230555,236259,250309,NA,NA,3539927,NA,3041801,28598,8372,32955,27117,36274
5/27/20,64503,162820,147101,NA,NA,185012,181524,231139,236259,252118,NA,NA,3607251,NA,3124473,28599,8428,33072,27117,36696
5/28/20,65098,163360,150604,NA,NA,188355,182196,231732,237906,253854,NA,NA,3683144,2536234,3226227,28666,8470,33142,27119,37039
5/29/20,65599,164245,152844,NA,NA,188949,182922,232248,238564,255362,NA,NA,3755279,NA,3331686,28717,8504,33229,27121,37313
5/30/20,66051,164908,155633,NA,NA,190744,183189,232664,239228,256469,NA,NA,3824621,NA,3428684,28774,8530,33340,27125,37467
5/31/20,66123,165352,157507,NA,NA,190975,183410,232997,239479,257539,1892336,4298639,3878739,NA,3510927,28805,8540,33415,27127,37527
6/1/20,66120,165632,158355,NA,NA,191382,183594,233197,239638,258983,NA,NA,3910133,NA,3581534,28837,8555,33475,27127,37613
6/2/20,66485,166609,160092,NA,NA,190735,183879,233515,239932,260453,NA,NA,3962292,NA,3674232,28943,8563,33530,27127,37863
6/3/20,67031,167453,160938,NA,NA,187509,184121,233836,240326,261802,NA,NA,3999591,NA,3776246,29024,8602,33601,27128,38117
6/4/20,67510,167909,161895,NA,NA,191869,184472,234013,240660,263040,NA,NA,4049544,2822880,3875730,29069,8635,33689,27133,38247
6/5/20,68007,168480,163781,NA,NA,192450,184924,234531,240978,264150,NA,NA,4114572,NA,3978661,29114,8658,33774,27134,38505
6/6/20,68282,168958,165078,NA,NA,193022,185450,234801,241310,264944,NA,NA,4187057,NA,4072267,29145,8673,33846,27135,38648
6/7/20,68283,169224,165837,NA,NA,193363,185750,234998,241550,265662,2110797,4640967,4236535,NA,4159303,29158,8685,33899,27136,38702
6/8/20,68319,169556,166584,NA,NA,193637,186109,235278,241717,266756,NA,NA,4263647,NA,4264755,29213,8695,33964,27136,38749
6/9/20,68736,170129,168646,NA,NA,194190,186506,235561,241966,267915,NA,NA,4318650,NA,4359163,29301,8736,34043,27136,38946
6/10/20,69032,170630,169939,NA,NA,194815,186522,235763,242280,269101,NA,NA,4381349,NA,4460271,29322,8752,34114,27136,39110
6/11/20,69344,170961,171338,NA,NA,195179,186691,236142,242707,270108,NA,NA,4443821,3061738,4563309,29349,8772,34167,27136,39186
6/12/20,69578,171535,173085,NA,NA,195981,187226,236305,243209,271162,NA,NA,4514441,NA,4663013,29377,8783,34223,27136,39317
6/13/20,69783,171970,174865,NA,NA,196478,187267,236651,243605,272050,NA,NA,4564191,NA,4762842,29401,8793,34301,27136,39424
6/14/20,69820,172089,176370,NA,NA,196868,187518,236989,243928,272857,2328701,4968947,4620718,NA,4833223,29411,8801,34345,27136,39451
6/15/20,69719,172692,177010,NA,NA,197004,187682,237290,244109,273888,NA,NA,4648825,NA,4904625,29439,8807,34371,27136,39480
6/16/20,69943,172842,178526,NA,NA,197667,188252,237500,244328,274971,NA,NA,4695707,NA,4985487,29553,8820,34405,27136,39600
6/17/20,70223,173599,179455,NA,NA,198155,188604,237828,244683,275970,NA,NA,4773408,NA,5071925,29578,8851,34448,27136,39710
6/18/20,70322,173847,180544,NA,NA,198741,189817,238159,245268,276990,NA,NA,4831562,3290388,5165408,29606,8875,34514,27136,39777
6/19/20,70496,173972,181907,NA,NA,199528,190299,238011,245575,277974,NA,NA,4889103,NA,5255955,29620,8887,34561,28315,39861
6/20/20,70641,174609,182453,NA,NA,200147,190670,238275,245938,278640,NA,NA,4943825,NA,5339704,29638,8895,34610,28322,39932
6/21/20,70661,174740,182893,NA,NA,200490,191272,238499,246272,279264,2569115,5353781,4984370,NA,5400371,29644,8895,34634,28323,39963
6/22/20,70737,175143,183426,NA,NA,200632,191768,238720,246504,280156,NA,NA,5013342,NA,5466497,29668,8899,34657,28324,39976
6/23/20,70952,175825,184585,NA,NA,201330,192480,238833,246752,281038,NA,NA,5053827,NA,5540143,29722,8914,34675,28325,40070
6/24/20,71138,176422,186111,NA,NA,201598,192871,239410,247086,281815,NA,NA,5107093,NA,5631278,29735,8928,34644,28327,40157
6/25/20,71322,176764,186725,NA,NA,201853,193371,239706,247486,282512,NA,NA,5163154,3470130,5782973,29754,8940,34678,28330,40256
6/26/20,71550,177149,187615,NA,NA,203116,194036,239961,247905,283151,NA,NA,5215922,NA,5888944,29780,8965,34708,28338,40333
6/27/20,71455,177518,188584,NA,NA,203564,194458,240136,248469,283785,NA,NA,5277273,NA,5989575,29781,8968,34716,28341,40373
6/28/20,71455,177657,188891,NA,NA,203158,194693,240310,248770,284192,2872262,5826604,5314619,NA,6073492,29781,8968,34738,28343,40404
6/29/20,71595,177770,189196,NA,NA,203803,195042,240436,248970,284812,NA,NA,5341837,NA,6151618,29816,8976,34744,28346,40425
6/30/20,71714,178100,190248,NA,NA,204244,195418,240578,249271,285216,NA,NA,5390110,NA,6272682,29846,8990,34767,28355,40479
7/1/20,71879,179100,190717,NA,NA,205234,195893,240760,249659,285279,NA,NA,5445476,NA,6396219,29865,8995,34788,28364,40576
7/2/20,72054,179800,191083,NA,NA,205773,196370,240961,250103,285285,NA,NA,5498719,3644458,6532368,29878,9006,34818,28368,40617
7/3/20,72181,180300,191467,NA,NA,206312,196780,241184,250545,285787,NA,NA,5548815,NA,6671841,29896,9010,34833,28385,40666
7/4/20,72092,181000,191944,NA,NA,206670,197198,241419,250545,286412,NA,NA,5600826,NA,6786243,29896,9020,34854,28385,40698
7/5/20,72092,181719,192108,NA,NA,206681,197523,241611,250545,286931,3219099,6339573,5638288,NA,6879738,29895,9023,34861,28385,40717
7/6/20,72233,182160,192241,NA,NA,207699,198064,241819,251789,287290,NA,NA,5660454,NA,6957311,29925,9022,34869,28388,40728
7/7/20,72363,182661,192815,NA,NA,208153,198343,241956,252130,287874,NA,NA,5703673,NA,7064288,29936,9032,34899,28392,40782
7/8/20,72133,183153,193640,NA,NA,208975,198699,242149,252513,288511,NA,NA,5754116,NA,7191497,29967,9046,34914,28396,40839
7/9/20,72408,183728,193978,NA,NA,209419,199001,242363,253056,289154,NA,NA,5806668,3849701,7329538,29983,9057,34926,28401,40870
7/10/20,72396,184028,194273,NA,NA,210134,199332,242639,253908,289678,NA,NA,5854621,NA,7463671,30009,9063,34938,28403,40904
7/11/20,72200,184266,194579,NA,NA,210385,199709,242827,253908,290504,NA,NA,5900552,NA,7590220,30012,9070,34945,28403,40921
7/12/20,72200,184414,194928,NA,NA,210401,199919,243061,253908,291154,3580832,6853145,5938811,NA,7685301,30012,9071,34954,28403,40930
7/13/20,72180,185100,195106,NA,NA,211824,200180,243230,255953,291691,NA,NA,5962744,NA,7770238,30035,9074,34967,28406,40940
7/14/20,71918,185100,195441,NA,NA,211886,200456,243344,256619,292931,NA,NA,6004611,NA,7888890,30037,9078,34984,28409,40984
7/15/20,71774,186000,196016,NA,NA,212613,200890,243506,257494,293469,NA,NA,6053060,NA,8030203,30125,9080,34997,28413,41010
7/16/20,71910,186400,196246,NA,NA,213182,201450,243736,258855,294116,NA,NA,6103492,4073664,8181475,30142,9087,35017,28416,41034
7/17/20,71979,186900,196483,NA,NA,214011,202045,243967,260255,294803,NA,NA,6154259,NA,8346355,30155,9088,35028,28420,41060
7/18/20,71639,187200,196806,NA,NA,214174,202426,244216,260255,295632,NA,NA,6202524,NA,8482133,30158,9091,35042,28420,41069
7/19/20,71639,187400,196949,NA,NA,214178,202735,244434,260255,296358,4039574,7397364,6238049,NA,8596355,30158,9092,35045,28420,41080
7/20/20,71494,188070,197162,NA,NA,216089,203325,244624,264836,296944,NA,NA,6262302,NA,8689851,30182,9094,35058,28422,41090
7/21/20,71382,188221,197431,NA,NA,216684,203717,244752,266194,297389,NA,NA,6305412,NA,8822476,30169,9099,35073,28424,41115
7/22/20,71238,188628,197628,NA,NA,217605,204276,245032,267551,297952,NA,NA,6354730,NA,8959710,30175,9102,35082,28426,41132
7/23/20,71618,189140,197842,NA,NA,218841,204881,245338,270166,298731,NA,NA,6415041,4347022,9100816,30186,9110,35092,28429,41141
7/24/20,71811,189696,198192,NA,NA,219932,205623,245590,272421,299500,NA,NA,6468375,NA,9248643,30196,9120,35097,28432,41173
7/25/20,71566,189919,198320,NA,NA,220020,206278,245864,272421,300270,NA,NA,6520046,NA,9387703,30196,9124,35102,28432,41188
7/26/20,71566,190055,198446,NA,NA,220020,206667,246118,272421,301020,4569113,7953998,6560572,NA,9505596,30196,9124,35107,28432,41196
7/27/20,71497,190314,198593,NA,NA,222508,207112,246286,278782,301708,NA,NA,6586123,NA,9595161,30214,9125,35112,28434,41199
7/28/20,71667,190711,198756,NA,NA,223072,207707,246488,280610,302261,NA,NA,6634293,NA,9742978,30227,9131,35123,28436,41220
7/29/20,71597,191279,199031,NA,NA,224542,208546,246776,282641,303063,NA,NA,6690311,NA,9900604,30241,9135,35129,28441,41254
7/30/20,71643,191551,199796,NA,NA,225931,209535,247158,285430,303910,NA,NA,6752169,4652493,10070992,30257,9144,35132,28443,41254
7/31/20,71656,191992,199974,NA,NA,227239,210399,247537,288522,304793,NA,NA,6813113,NA,10235737,30268,9147,35141,28445,41274
8/1/20,71511,192636,200229,NA,NA,227302,211005,247832,288522,305562,NA,NA,6873496,NA,10381748,30268,9154,35146,28445,41287
8/2/20,71511,192908,200460,NA,NA,227305,211220,248070,288522,306309,5106809,8543199,6916765,NA,10528542,30268,9154,35154,28445,41292
8/3/20,71258,193594,200589,NA,NA,230665,212111,248229,297054,307251,NA,NA,6940801,NA,10673541,30298,9154,35166,28472,41293
8/4/20,71152,194173,200766,NA,NA,231636,212828,248419,302814,307926,NA,NA,6984589,NA,10824501,30300,9163,35171,28498,41311
8/5/20,71484,194568,200976,NA,NA,233344,214113,248803,305767,308832,NA,NA,7041040,NA,10986604,30311,9179,35181,28499,41325
8/6/20,71613,195281,201323,NA,NA,234945,215039,249204,309855,309796,NA,NA,7099713,4983935,11162162,30315,9181,35187,28500,41343
8/7/20,71766,195935,201642,NA,NA,237332,216196,249756,314362,310696,NA,NA,7158909,NA,11335375,30328,9195,35190,28503,41355
8/8/20,71585,196550,201947,NA,NA,237402,216903,250103,314362,311461,NA,NA,7212207,NA,11496026,30329,9201,35203,28503,41358
8/9/20,71585,196783,202098,NA,NA,237437,217288,250566,314362,312574,5652404,9262675,7249844,NA,11659552,30329,9202,35205,28503,41363
8/10/20,71537,197382,202248,NA,NA,242168,218508,250825,322980,313392,NA,NA,7276276,NA,11812650,30344,9203,35209,28576,41381
8/11/20,71454,198347,202461,NA,NA,243582,219540,251237,326612,314542,NA,NA,7316918,NA,11970337,30358,9208,35215,28581,41394
8/12/20,71906,198991,202697,NA,NA,246180,220859,251713,329784,315581,NA,NA,7369576,NA,12148434,30376,9213,35225,28579,41414
8/13/20,71730,199654,202923,NA,NA,248858,222281,252235,337334,316729,NA,NA,7420764,5367311,12313091,30393,9217,35231,28605,41432
8/14/20,72023,200440,203326,NA,NA,251781,223791,252809,342813,318190,NA,NA,7467487,NA,12483532,30412,9230,35234,28617,41443
8/15/20,71971,200756,203640,NA,NA,254991,224488,253438,342813,319232,NA,NA,7520610,NA,12663729,30413,9235,35392,28617,41446
8/16/20,71971,201187,203786,NA,NA,257994,225007,253915,342813,320343,6379183,10133866,7557417,NA,12833817,30414,9235,35396,28617,41451
8/17/20,72072,202249,203968,NA,NA,258644,226700,254235,359082,321064,NA,NA,7588083,NA,12980099,30434,9236,35400,28646,41454
8/18/20,72003,203677,204142,NA,NA,260763,228120,254636,364196,322177,NA,NA,7642059,NA,13137301,30456,9241,35405,28670,41466
8/19/20,71945,204454,204506,NA,NA,264535,229706,255278,370867,323008,NA,NA,7713154,NA,13317181,30474,9249,35412,28797,41483
8/20/20,71868,205359,204686,NA,NA,269335,231292,256118,377906,324203,NA,NA,7790596,5849939,13492242,30485,9263,35418,28813,41489
8/21/20,72535,206656,204960,NA,NA,274344,233029,257065,386054,325263,NA,NA,7862592,NA,13674120,30509,9266,35427,28838,41491
8/22/20,72600,207606,205203,NA,NA,277818,233861,258136,386054,326595,NA,NA,7940266,NA,13851399,30518,9272,35430,28838,41509
8/23/20,72623,207985,205470,NA,NA,282498,234494,259345,386054,327643,7265547,11168315,8007637,NA,14017466,30518,9275,35437,28838,41515
8/24/20,72793,208653,205662,NA,NA,284474,236122,260298,405436,328620,NA,NA,8053551,NA,14165419,30534,9276,35441,28872,41519
8/25/20,73082,210333,206015,NA,NA,288090,237583,261174,412553,329821,NA,NA,8125892,NA,14366169,30553,9281,35445,28924,41535
8/26/20,73020,211691,206329,NA,NA,288377,239010,262540,419849,330967,NA,NA,8219421,NA,14573699,30553,9285,35458,28971,41552
8/27/20,73433,212909,206554,NA,NA,299580,240571,263949,429507,332509,NA,NA,8313445,6416533,14775686,30588,9290,35463,28996,41564
8/28/20,73501,214186,206902,NA,NA,307221,242126,265409,439286,333806,NA,NA,8410510,NA,14965319,30606,9290,35472,29011,41573
8/29/20,73279,214790,208224,NA,NA,312681,242835,266853,439286,334916,NA,NA,8509618,NA,15145352,30612,9299,35473,29011,41585
8/30/20,73279,215283,208536,NA,NA,318047,243305,268218,439286,336668,8222962,12301938,8586341,NA,15326390,30615,9300,35477,29011,41586
8/31/20,73537,216795,207653,NA,NA,321160,244802,269214,462858,338083,NA,NA,8644859,NA,15506758,30646,9303,35483,29094,41589
9/1/20,73727,218403,207944,NA,NA,326264,246015,270189,470973,339415,NA,NA,8725909,NA,15677964,30673,9307,35491,29152,41592
9/2/20,73946,219904,208201,NA,NA,333377,247411,271515,479554,340929,NA,NA,8828868,NA,15886354,30700,9322,35497,29194,41602
9/3/20,74156,221525,208490,NA,NA,340499,248840,272912,488513,342708,NA,NA,8921658,7042795,16085952,30717,9322,35507,29234,41616
9/4/20,74377,222802,209027,NA,NA,349333,250283,274644,498989,344686,NA,NA,9034743,NA,16288845,30696,9327,35518,29418,41626
9/5/20,73866,223570,209610,NA,NA,357927,251058,276338,498989,346513,NA,NA,9142401,NA,16477899,30708,9329,35534,29418,41638
9/6/20,73866,224215,210015,NA,NA,364943,251728,277634,498989,349500,9358994,13354880,9219257,NA,16670772,30712,9330,35541,29418,41640
9/7/20,74223,225704,210238,NA,NA,369209,253626,278784,525549,352453,NA,NA,9271810,NA,16872752,30735,9331,35553,29516,41643
9/8/20,74569,227379,210801,NA,NA,375947,254957,280153,534513,354934,NA,NA,9364213,NA,17076613,30773,9336,35563,29594,41675
9/9/20,74867,228784,211272,NA,NA,384566,256433,281583,543379,357615,NA,NA,9460203,NA,17302598,30805,9342,35577,29628,41683
9/10/20,74991,230283,211885,NA,NA,394328,258149,283180,554143,360546,NA,NA,9554389,7899400,17544471,30824,9345,35587,29699,41697
9/11/20,75308,231349,212432,NA,NA,403837,259735,284796,566326,364090,NA,NA,9653269,NA,17825744,30906,9348,35597,29747,41703
9/12/20,75308,231953,213191,NA,NA,415174,260817,286297,566326,367594,NA,NA,9745975,NA,18054492,30924,9352,35603,29747,41712
9/13/20,75308,232541,213634,NA,NA,421519,261737,287753,566326,370932,10509873,14503345,9818118,NA,18279872,30929,9354,35610,29747,41717
9/14/20,75139,234017,213950,NA,NA,427915,263222,288761,593730,373557,NA,NA,9863427,NA,18496398,30963,9356,35624,29848,41726
9/15/20,75477,235112,214645,NA,NA,435741,265014,289990,603167,376672,NA,NA,9943944,NA,18734356,31013,9367,35633,30004,41753
9/16/20,75921,236623,215265,NA,NA,445932,266869,291442,614360,380679,NA,NA,10044551,NA,18979747,31061,9373,35645,30243,41773
9/17/20,75880,238437,215954,NA,NA,456171,269048,293025,625651,384089,NA,NA,10146324,8582722,19221203,31108,9376,35658,30405,41794
9/18/20,76583,239654,216807,NA,NA,469404,271247,294932,640040,388418,NA,NA,10246163,NA,19488409,31262,9386,35668,30495,41821
9/19/20,76583,240510,217716,NA,NA,482964,272932,296569,640040,392847,NA,NA,10349386,NA,19739363,31287,9388,35692,30495,41848
9/20/20,76583,241192,218351,NA,NA,493500,273965,298156,640040,396746,11445350,15651224,10432814,NA,19974148,31298,9390,35707,30495,41866
9/21/20,77254,242656,218703,NA,NA,499039,275560,299506,671468,401124,NA,NA,10488676,NA,20180930,31351,9390,35724,30663,41877
9/22/20,77757,244693,219670,NA,NA,509123,277412,300897,682267,406060,NA,NA,10575979,NA,20391992,31430,9405,35738,30904,41914
9/23/20,77757,245706,220665,NA,NA,522414,279025,302537,693556,412247,NA,NA,10679675,NA,20652193,31478,9423,35758,31034,41951
9/24/20,77214,247766,221762,NA,NA,538264,281346,304323,704209,418891,NA,NA,10787694,9338927,20927096,31524,9436,35781,31118,41991
9/25/20,77692,249164,222716,NA,NA,554368,283712,306235,716481,425769,NA,NA,10894963,NA,21217136,31675,9451,35801,31232,42025
9/26/20,77692,250104,223693,NA,NA,568588,285026,308104,716481,431819,NA,NA,10999350,NA,21472624,31714,9459,35818,31232,42060
9/27/20,77692,250866,224417,NA,NA,579223,286339,309870,716481,437519,12298838,16871503,11087064,NA,21736150,31741,9464,35835,31232,42077
9/28/20,77846,252693,225190,NA,NA,583522,288631,311364,748266,441575,NA,NA,11138173,NA,21963666,31825,9468,35851,31411,42090
9/29/20,78678,255212,226506,NA,NA,591527,290471,313011,748266,448731,NA,NA,11228358,NA,22209600,31898,9483,35875,31411,42162
9/30/20,79128,256861,227704,NA,NA,605893,292913,314861,769188,455848,NA,NA,11333922,NA,22468246,31978,9495,35894,31791,42233
10/1/20,79578,258220,228844,NA,NA,618944,295539,317409,778607,462777,NA,NA,11452158,10121252,22738421,32035,9509,35918,31973,42292
10/2/20,80061,259722,229970,NA,NA,631380,298374,319908,789932,469771,NA,NA,11572459,NA,23008415,32171,9518,35941,32086,42358
10/3/20,80061,260916,231217,NA,NA,647868,300027,322751,789932,482656,NA,NA,11691391,NA,23295217,32196,9531,35968,32086,42407
10/4/20,80061,262002,231914,NA,NA,660372,301573,325329,789932,505621,13281825,18000630,11784105,NA,23545565,32228,9533,35986,32086,42440
10/5/20,80394,265624,232681,NA,NA,666011,304673,327586,813412,518224,NA,NA,11844346,NA,23818928,32299,9554,36002,32225,42459
10/6/20,80933,267747,234099,NA,NA,677321,307127,330263,825410,532781,NA,NA,11944088,NA,24081522,32386,9566,36030,32486,42535
10/7/20,81431,269722,235303,NA,NA,696274,311137,333940,835901,546954,NA,NA,12069402,NA,24337590,32466,9582,36061,32562,42605
10/8/20,81886,271960,236363,NA,NA,713676,315941,338398,848324,564504,NA,NA,12197500,10923025,24640915,32539,9594,36083,32688,42682
10/9/20,81763,273718,237549,NA,NA,734764,320495,343770,861112,578392,NA,NA,12326971,NA,24937474,32649,9599,36111,32929,42769
10/10/20,81739,274934,238525,NA,NA,761441,323463,349494,861112,593567,NA,NA,12460055,NA,25217079,32684,9620,36140,32929,42850
10/11/20,81739,276983,239709,NA,NA,777378,326309,354950,861112,606449,14510133,19219618,12564713,NA,25476034,32730,9626,36166,32929,42915
10/12/20,82402,278391,240600,NA,NA,786590,332850,359569,888968,620460,NA,NA,12650155,NA,25697164,32827,9640,36205,33124,42965
10/13/20,83544,280533,242028,NA,NA,800216,337314,365467,896086,637710,NA,NA,12762699,NA,25999507,32955,9682,36246,33204,43108
10/14/20,84266,283656,244065,NA,NA,823218,344487,372799,908056,657461,NA,NA,12914895,NA,26301012,33061,9716,36289,33413,43245
10/15/20,84933,286137,245964,NA,NA,852975,352107,381602,921374,676457,NA,NA,13077827,11679598,26605703,33146,9739,36372,33553,43383
10/16/20,85035,289027,247872,NA,NA,878607,359802,391611,936560,692114,NA,NA,13228204,NA,26917855,33325,9773,36427,33775,43519
10/17/20,85008,291129,249127,NA,NA,910711,364664,402536,936560,708300,NA,NA,13394041,NA,27226271,33398,9785,36474,33775,43669
10/18/20,85008,293447,251461,NA,NA,940548,368671,414241,936560,725294,15938538,20503967,13540582,NA,27533164,33483,9798,36543,33775,43736
10/19/20,86234,296672,252959,NA,NA,954837,377068,423578,974449,744124,NA,NA,13639444,NA,27795752,33631,9842,36616,33992,43816
10/20/20,87138,299743,255005,NA,NA,975213,385591,434449,988322,765489,NA,NA,13784181,NA,28078061,33912,9882,36705,34210,44057
10/21/20,87951,304173,257374,NA,NA,1002635,397922,449648,1005295,792196,NA,NA,13962029,NA,28399160,34080,9911,36832,34366,44248
10/22/20,88898,308779,259456,NA,NA,1043448,403874,465726,1026281,813453,NA,NA,14132421,12699006,28744122,34234,9960,36968,34521,44437
10/23/20,89600,312347,261808,NA,NA,1086285,417350,484869,1046132,834012,NA,NA,14314453,NA,29090966,34534,9978,37059,34752,44661
10/24/20,89600,316124,264117,NA,NA,1131550,427808,504509,1046132,857045,NA,NA,14492122,NA,29408862,34670,10035,37210,34752,44835
10/25/20,89600,320004,266203,NA,NA,1138166,437698,525782,1046132,876842,17513571,21949430,14654002,NA,29729976,34649,10062,37338,34752,44986
10/26/20,91461,325052,268626,NA,NA,1211176,450258,542789,1098320,897742,NA,NA,14778688,NA,29994334,35038,10091,37479,35031,45088
10/27/20,92830,327697,271988,NA,NA,1245658,463419,564778,1116738,920666,NA,NA,14953086,NA,30282279,35567,10121,37700,35298,45455
10/28/20,94048,336764,275404,NA,NA,1283208,479621,589766,1136503,945380,NA,NA,15152038,NA,30591229,35826,10218,37905,35466,45765
10/29/20,95358,340436,279282,NA,NA,1329820,498354,616595,1160083,968458,NA,NA,15353490,13880479,30941157,36058,10305,38122,35639,46045
10/30/20,96604,351921,283567,NA,NA,1379294,517736,647674,1185678,992876,NA,NA,15568575,NA,31249759,36605,10391,38321,35878,46319
10/31/20,97475,356410,289426,NA,NA,1414364,531790,679430,1185678,1014795,NA,NA,15784461,NA,31544773,36827,10483,38618,35878,46645
11/1/20,98044,363545,292380,NA,NA,1460543,544346,709335,1185678,1038056,18958290,23613422,15967918,NA,31817159,37058,10513,38826,35878,46807
11/2/20,98044,372499,296017,NA,NA,1566634,569598,731588,1240697,1057023,NA,NA,16103649,NA,32038760,37486,10669,39059,36257,46943
11/3/20,98044,373391,302275,NA,NA,1639235,577131,759829,1259366,1077101,NA,NA,16285936,NA,32309598,38765,10717,39412,36495,47340
11/4/20,100531,384012,307378,NA,NA,1593159,608611,790377,1284408,1102307,NA,NA,16497767,NA,32622996,38734,10949,39764,38118,47832
11/5/20,104095,394616,312339,NA,NA,1650965,631172,824879,1306316,1126471,NA,NA,16717651,15046654,32970741,39088,11110,40192,38486,48210
11/6/20,105650,405809,322925,NA,NA,1711917,653992,862681,1328832,1149793,NA,NA,16951896,NA,33325865,39917,11240,40638,38833,48565
11/7/20,107259,413484,328891,NA,NA,1798572,668114,902490,1328832,1174772,NA,NA,17183569,NA,33655295,40220,11306,41063,38833,48978
11/8/20,107935,421151,335074,NA,NA,1837134,682624,935104,1328832,1195352,20002708,25248151,17374713,NA,33941724,40490,11372,41394,38833,49134
11/9/20,109056,443621,345289,NA,NA,1858558,689146,960373,1381218,1216749,NA,NA,17522438,NA,34185815,41050,11408,41750,39345,49329
11/10/20,111241,446402,363023,NA,NA,1881171,715693,995463,1381218,1237200,NA,NA,17740196,NA,34490306,42281,11781,42330,39345,49861
11/11/20,113017,460504,372113,NA,NA,1917577,738094,1028424,1417709,1260200,NA,NA,17965836,NA,34871387,42609,11994,42953,40105,50457
11/12/20,114275,474208,387758,NA,NA,1950205,762832,1066401,1437220,1293717,NA,NA,18200508,16221524,35252165,43024,12216,43589,40461,51020
11/13/20,115928,487913,399238,NA,NA,1974270,785093,1107303,1458591,1321033,NA,NA,18455416,NA,35634389,43957,12404,44139,40769,51396
11/14/20,117913,498996,411434,NA,NA,2006227,799733,1144552,1458591,1347909,NA,NA,18683111,NA,35978280,44310,12511,44683,40769,51858
11/15/20,118583,505714,420810,NA,NA,2033419,802946,1178529,1458591,1372886,20792735,26715605,18878386,NA,36260720,44613,12573,45229,40769,52026
11/16/20,119653,522313,442364,NA,NA,2043469,817526,1205881,1496864,1394302,NA,NA,19031049,NA,36513502,45124,12833,45733,41253,52240
11/17/20,121925,537347,457798,NA,NA,2089071,843757,1238072,1510023,1414362,NA,NA,19239507,NA,36797786,46350,13138,46464,41688,52839
11/18/20,124164,554272,481967,NA,NA,2117968,867484,1272352,1525341,1434007,NA,NA,19474341,NA,37172632,46781,13390,47217,42039,53368
11/19/20,126342,570961,498987,NA,NA,2138704,891525,1308528,1541574,1456943,NA,NA,19724527,17288176,37575856,47198,13662,47870,42291,53870
11/20/20,128294,587780,520022,NA,NA,2161968,914118,1345767,1556730,1477217,NA,NA,19962604,NA,37967604,48339,13918,48569,42619,54381
11/21/20,129218,600991,539524,NA,NA,2179638,927990,1380531,1556730,1497138,NA,NA,20199829,NA,38336683,48591,14061,49261,42619,54721
11/22/20,129722,611627,553098,NA,NA,2192768,932367,1408868,1556730,1515805,21392155,28115750,20388576,NA,38620055,48805,14159,49823,42619,55120
11/23/20,130633,630375,584493,NA,NA,2197830,946822,1431795,1582616,1531270,NA,NA,20537521,NA,38834497,49311,14460,50453,43131,55327
11/24/20,132720,649070,605330,NA,NA,2207751,963192,1455022,1594844,1542614,NA,NA,20726180,NA,39149830,50322,14832,51306,43668,55935
11/25/20,134593,666373,637149,NA,NA,2224505,995879,1480874,1605066,1560875,NA,NA,20956187,NA,39504682,50710,15210,52028,44037,56630
11/26/20,136277,685537,661180,NA,NA,2237506,1017830,1509875,1617355,1578432,NA,NA,21188898,18249203,39888901,51041,15640,52850,44374,57128
11/27/20,137956,705213,696647,NA,NA,2250280,1038649,1538217,1628208,1593253,NA,NA,21411701,NA,40223088,52000,16011,53677,44668,57648
11/28/20,138666,718604,720861,NA,NA,2262757,1052494,1564532,1628208,1609144,NA,NA,21637641,NA,40534403,52212,16181,54363,44668,58127
11/29/20,138956,730797,734503,NA,NA,2272520,1055691,1585178,1628208,1621308,22505927,29496867,21814575,NA,40756444,52410,16306,54904,44668,58342
11/30/20,139810,749219,757507,NA,NA,2276874,1069912,1601554,1648187,1633736,NA,NA,21945099,NA,40989701,52819,16694,55576,45069,58545
12/1/20,141558,769380,784595,NA,NA,2285238,1094678,1620901,1656444,1647233,NA,NA,22127199,NA,41307854,53596,17177,56361,45511,59148
12/2/20,143092,789564,823335,NA,NA,2299466,1117953,1641610,1665775,1663470,NA,NA,22334342,NA,41660895,53907,17659,57045,45784,59796
12/3/20,144469,811091,846809,NA,NA,2312253,1141544,1664829,1675902,1678421,NA,NA,22554389,19163355,42052539,54231,18097,58038,46038,60210
12/4/20,145324,831935,872385,NA,NA,2323764,1157514,1688939,1684647,1694803,NA,NA,22767130,NA,42433500,54861,18577,58852,46252,60714
12/5/20,146330,852580,896308,NA,NA,2336646,1183640,1709991,1684647,1710382,NA,NA,22962114,NA,42788342,55073,18839,59514,46252,61111
12/6/20,146558,868285,913494,NA,NA,2347595,1194550,1728878,1684647,1727754,23759450,30892657,23125664,NA,43061173,55247,18989,60078,46252,61342
12/7/20,147257,888701,933132,NA,NA,2351006,1200006,1742557,1702328,1742528,NA,NA,23236881,NA,43279583,55613,19434,60606,46646,61531
12/8/20,148840,909058,958629,NA,NA,2365043,1229269,1757394,1702328,1754914,NA,NA,23386113,NA,43574642,56451,20002,61240,46646,62130
12/9/20,150219,929272,997895,NA,NA,2379718,1254358,1770149,1712101,1771548,NA,NA,23504588,NA,43957226,56748,20460,61739,47019,62663
12/10/20,151630,949913,1027994,NA,NA,2393590,1287092,1787147,1720056,1792614,NA,NA,23676174,19915453,44357906,57044,21064,62626,47344,63179
12/11/20,152555,966238,1052163,NA,NA,2407079,1314309,1805873,1730575,1814398,NA,NA,23866590,NA,44749538,57672,21567,63387,47624,63603
12/12/20,152555,975931,1076891,NA,NA,2421026,1336101,1825775,1730575,1835952,NA,NA,24063029,NA,45108048,57865,21900,64036,47624,64123
12/13/20,153659,990707,1093161,NA,NA,2432559,1350810,1843712,1730575,1854493,25747909,32408695,24215726,NA,45420339,58015,22106,64520,47624,64267
12/14/20,154311,1012077,1115617,NA,NA,2435751,1357261,1855737,1751884,1874870,NA,NA,24319310,NA,45696137,58391,22634,65011,48013,64500
12/15/20,155751,1031721,1141406,NA,NA,2447406,1391086,1870576,1762212,1893439,NA,NA,24483741,NA,46009318,59182,23544,65857,48401,65006
12/16/20,156975,1056477,1175901,NA,NA,2465126,1423830,1888144,1773290,1918739,NA,NA,24683230,NA,46373777,59472,24273,66537,48596,65618
12/17/20,158170,1078944,1203814,NA,NA,2483524,1454009,1906377,1785421,1954271,NA,NA,24635720,20884070,46771368,59733,25027,67220,48777,66150
12/18/20,159138,1095982,1226086,NA,NA,2499529,1486839,1921778,1797236,1982831,NA,NA,24815520,NA,47162512,60345,25754,67894,48926,66640
12/19/20,160053,1107115,1249470,NA,NA,2516957,1508518,1938083,1797236,2010080,NA,NA,24991705,NA,47603238,60534,26171,68447,48926,67177
12/20/20,160288,1123725,1261626,NA,NA,2529756,1514962,1953185,1797236,2046164,28776220,34080728,25129125,NA,48036807,60665,26400,68799,48926,67503
12/21/20,160946,1147943,1281258,NA,NA,2535716,1534218,1964054,1819249,2079681,NA,NA,25217014,NA,48469931,61019,27110,69214,49260,67718
12/22/20,162540,1171444,1301573,NA,NA,2547577,1570371,1977370,1829903,2116612,NA,NA,25374719,NA,48926548,61821,28096,69842,49520,68409
12/23/20,163754,1197472,1322067,NA,NA,2562615,1604129,1991278,1842289,2155999,NA,NA,25558583,NA,49436437,62098,28909,70395,49698,69157
12/24/20,165121,1220277,1344785,NA,NA,2584333,1630596,2009317,1854951,2195148,NA,NA,25752360,21889333,49899989,62389,29330,70900,49824,69732
12/25/20,165650,1235968,1377109,NA,NA,2604595,1632736,2028354,1854951,2227951,NA,NA,25904694,NA,50239228,62548,29580,71359,49824,70302
12/26/20,165923,1253285,1386198,NA,NA,2607688,1646240,2038759,1854951,2262739,NA,NA,25986258,NA,50509650,62694,29946,71620,49824,70513
12/27/20,166146,1272032,1394011,NA,NA,2616510,1658639,2047696,1854951,2295232,30538330,35171100,26046137,NA,50931123,62867,30297,71925,49824,70860
12/28/20,166927,1294932,1408686,NA,NA,2619616,1672643,2056277,1879413,2336692,NA,NA,26114818,NA,51289157,63235,31145,72370,50122,71217
12/29/20,168011,1319757,1425730,NA,NA,2631110,1692109,2067487,1893502,2389967,NA,NA,26243558,NA,51635380,64204,32267,73029,50442,71675
12/30/20,169250,1345952,1445690,NA,NA,2657624,1741153,2083689,1910218,2440206,NA,NA,26412603,NA,52058247,64508,33230,73604,50689,72657
12/31/20,170426,1350708,1463111,NA,NA,2677666,1760520,2107166,1928265,2496235,NA,NA,26598607,22688602,52560089,64759,33791,74159,50837,73622
1/1/21,170896,1388744,1479988,NA,NA,2697014,1762637,2129376,1928265,2549693,NA,NA,26756131,NA,52983845,64892,34145,74621,50837,74237
1/2/21,171169,1400810,1489154,NA,NA,2700480,1773540,2141201,1928265,2607546,NA,NA,26823305,NA,53396177,65048,34480,74985,50837,74682
1/3/21,171381,1422151,1503900,NA,NA,2712975,1783896,2155446,1928265,2662703,32441042,36016829,26926279,NA,53825846,65164,34791,75332,50837,75137
1/4/21,172032,1445442,1520106,NA,NA,2717059,1796216,2166244,1958844,2721626,NA,NA,27004272,NA,54302701,65549,35748,75680,51078,75547
1/5/21,173498,1472311,1536129,NA,NA,2737884,1814565,2181619,1982544,2782713,NA,NA,27139378,NA,54808079,66417,36757,76329,51430,76428
1/6/21,174751,1496182,1556356,NA,NA,2763116,1841228,2201945,1982544,2845269,NA,NA,27317974,NA,55378721,66699,37835,76877,51430,77470
1/7/21,174751,1517019,1572015,NA,NA,2784883,1886561,2220361,2024904,2898056,NA,NA,27439249,23520674,56003851,66975,38987,77291,51675,78632
1/8/21,177157,1533143,1589590,NA,NA,2804743,1905638,2237890,2050360,2966248,NA,NA,27579516,NA,56689419,67566,40022,77911,51874,79965
1/9/21,178036,1546206,1606630,NA,NA,2824920,1928462,2257866,2050360,3026346,NA,NA,27751635,NA,57258926,67734,40597,78394,51874,81000
1/10/21,178300,1566907,1617804,NA,NA,2840864,1929410,2276491,2050360,3081372,34410908,37248234,27891393,NA,57747184,67885,40936,78755,51874,81567
1/11/21,178943,1590171,1633839,NA,NA,2844680,1941116,2289021,2111782,3127647,NA,NA,27983049,NA,58297536,68197,41799,79203,52275,82096
1/12/21,180261,1616761,1653404,NA,NA,2864360,1968326,2303263,2137220,3173295,NA,NA,28124690,NA,58891289,68939,42889,79819,52683,83342
1/13/21,181543,1640682,1673936,NA,NA,2888292,1993892,2319036,2176089,3220957,NA,NA,28300119,NA,59538320,69168,44096,80326,52878,84910
1/14/21,182673,1661394,1694051,NA,NA,2909723,2015235,2336279,2211967,3269761,NA,NA,28460704,24836511,60242686,69452,45207,80848,53079,86163
1/15/21,183719,1664176,1713030,NA,NA,2931040,2023828,2352423,2252164,3325646,NA,NA,28734210,NA,60848505,70088,45705,81325,53314,87448
1/16/21,183719,1680479,1729216,NA,NA,2952449,2038645,2368733,2252164,3367074,NA,NA,28995614,NA,61349606,70281,46464,81800,53314,88747
1/17/21,184991,1709540,1745726,NA,NA,2969091,2050129,2381277,2252164,3405744,36533274,38435798,29206692,NA,61774304,70422,46901,82177,53314,89429
1/18/21,185848,1713196,1760489,NA,NA,2972889,2059382,2390102,2336451,3443354,NA,NA,29365366,NA,62357805,70826,47263,82554,53769,90031
1/19/21,187464,1757713,1781917,NA,NA,2996784,2071615,2400598,2370742,3476808,NA,NA,29619436,NA,62956912,71482,48997,83157,54173,91643
1/20/21,188890,1778319,1806932,NA,NA,3023661,2100618,2414166,2412318,3515800,NA,NA,29899198,NA,63623219,71792,50010,83681,54637,93469
1/21/21,190186,1797648,1827451,NA,NA,3046371,2108895,2428221,2456675,3553777,NA,NA,30166765,26470569,64303048,72139,50876,84202,55041,94765
1/22/21,191262,1813894,1855127,NA,NA,3069695,2125261,2441854,2499560,3594098,NA,NA,30431493,NA,64951149,72788,51713,84674,55441,96166
1/23/21,192165,1826161,1871189,NA,NA,3093619,2137691,2455185,2499560,3627750,NA,NA,30717824,NA,65442601,73018,51873,85162,55441,97518
1/24/21,192405,1840970,1882074,NA,NA,3112055,2147769,2466813,2499560,3657861,38721035,39549488,30934035,NA,65861305,73190,52296,85461,55441,98129
1/25/21,193148,1859936,1897861,NA,NA,3116355,2154656,2475372,2593382,3680105,NA,NA,31060966,NA,66422967,73636,53127,85881,56208,98723
1/26/21,194592,1881933,1917117,NA,NA,3138498,2164043,2485956,2629817,3700272,NA,NA,31317253,NA,67040373,74250,53619,86422,56794,100359
1/27/21,196010,1881933,1936289,NA,NA,3165449,2179679,2501147,2670102,3725641,NA,NA,31611023,NA,67828936,74600,54498,86889,57291,102085
1/28/21,196010,1915501,1953509,NA,NA,3189405,2194562,2515507,2705001,3754452,NA,NA,31886602,28271632,68606924,74944,55883,87381,57806,103324
1/29/21,198614,1917964,1973388,NA,NA,3212640,2207393,2529070,2743119,3783597,NA,NA,32155352,NA,69288509,75765,56286,87858,58319,104572
1/30/21,199303,1938929,1990152,NA,NA,3236685,2224911,2541783,2743119,3806997,NA,NA,32453362,NA,69736280,76006,57105,88279,58319,105777
1/31/21,199589,1940046,2010548,NA,NA,3255920,2225659,2553032,2743119,3828187,40868370,40701121,32666726,NA,70340312,76201,57163,88516,58319,106367
2/1/21,200492,1967132,2024523,NA,NA,3260308,2232327,2560957,2822805,3846855,NA,NA,32809145,NA,71011933,76657,58059,88845,59081,106774
2/2/21,202069,1986214,2043499,NA,NA,3283645,2240017,2570608,2851869,3863761,NA,NA,33053574,NA,71642534,77383,58992,89344,59805,108225
2/3/21,203645,2003831,2059248,NA,NA,3310051,2252504,2583790,2883465,3882976,NA,NA,33332881,NA,72464146,77741,59776,89820,60370,109547
2/4/21,203645,2020303,2076928,NA,NA,3310071,2265536,2597446,2913425,3903710,NA,NA,33603023,29965252,73277874,77741,60634,90241,60802,110462
2/5/21,206481,2033168,2091923,NA,NA,3355678,2276371,2611659,2941990,3922914,NA,NA,33873530,NA,73971219,78749,61324,90618,61386,111477
2/6/21,207625,2041988,2107061,NA,NA,3376266,2285003,2625098,2941990,3941277,NA,NA,34155937,NA,74437279,78940,61551,91003,61386,112305
2/7/21,207909,2052656,2118441,NA,NA,3395981,2291673,2636738,2941990,3957181,42979888,41802620,34362726,NA,75043566,79111,61708,91273,61386,112681
2/8/21,208925,2054340,2133523,NA,NA,3400324,2296323,2644707,2989085,3971319,NA,NA,34506996,NA,75693515,79571,62191,91580,62295,113014
2/9/21,210649,2081966,2149350,NA,NA,3419210,2302051,2655319,3005487,3983760,NA,NA,34781259,NA,76297866,80295,63006,92002,63061,114066
2/10/21,211765,2096775,2165817,NA,NA,3444888,2311297,2668266,3023601,3996837,NA,NA,35092253,NA,77090265,80591,63672,92338,63704,115068
2/11/21,213405,2109508,2185655,NA,NA,3465964,2321225,2683403,3041454,4010380,NA,NA,35384786,31403575,77862609,80951,64224,92729,64217,115748
2/12/21,213405,2120342,2202077,NA,NA,3486673,2330422,2697296,3056035,4025578,NA,NA,35672405,NA,78511498,81596,64771,93045,64747,116507
2/13/21,213405,2128002,2216050,NA,NA,3507904,2336906,2710819,3056035,4038933,NA,NA,35962939,NA,78928253,81795,64990,93356,64747,117128
2/14/21,213405,2136933,2225519,NA,NA,3524450,2341744,2721879,3056035,4049924,45020921,42863222,36168581,NA,79338077,81962,65107,93577,64747,117387
2/15/21,217180,2148269,2237290,NA,NA,3528856,2346876,2729223,3086286,4059700,NA,NA,36347859,NA,79818755,82374,65288,93835,65449,117622
2/16/21,218890,2161100,2251734,NA,NA,3548452,2352766,2739591,3096343,4070336,NA,NA,36621878,NA,80331919,82961,65829,94171,65979,118421
2/17/21,219862,2172312,2268253,NA,NA,3573638,2362364,2751657,3107172,4083096,NA,NA,36916289,NA,80926591,83271,66732,94540,66316,119159
2/18/21,221252,2182370,2286024,NA,NA,3596156,2372209,2765412,3121687,4095191,NA,NA,37204747,32384085,81507154,83542,67245,94887,66704,119614
2/19/21,221252,2191208,2303199,NA,NA,3620283,2381259,2780882,3133122,4107290,NA,NA,37501875,NA,82046229,84114,67741,95235,67101,120147
2/20/21,221252,2197065,2315687,NA,NA,3642654,2388421,2795796,3133122,4117743,NA,NA,37807953,NA,82463979,84271,67883,95486,67101,120593
2/21/21,221252,2204110,2324633,NA,NA,3664700,2394515,2809246,3133122,4127578,47033949,43966453,38058939,NA,83063780,84430,67946,95718,67101,120810
2/22/21,224657,2212439,2334968,NA,NA,3669354,2399499,2818863,3153971,4138237,NA,NA,38229611,NA,83769892,84764,68363,95992,67636,120988
2/23/21,226208,2221972,2347866,NA,NA,3689534,2405263,2832162,3161432,4146760,NA,NA,38533461,NA,84392344,85195,68785,96348,68079,121536
2/24/21,226881,2231073,2362465,NA,NA,3721061,2416037,2848564,3170644,4156707,NA,NA,38873708,NA,85153541,85473,69170,96666,68468,121979
2/25/21,228299,2232050,2375318,NA,NA,3746475,2427069,2868435,3180212,4166727,NA,NA,39227412,33228680,85925041,85734,69343,96974,68813,122303
2/26/21,228299,2247173,2387032,NA,NA,3771691,2436506,2888923,3188553,4175315,NA,NA,39552816,NA,86554704,86273,69939,97227,69142,122648
2/27/21,228299,2252970,2398352,NA,NA,3795687,2444177,2907825,3188553,4182772,NA,NA,39875863,NA,86950527,86458,70092,97507,69142,122939
2/28/21,228299,2259548,2405199,NA,NA,3815639,2450295,2925265,3188553,4188827,49249975,45138251,40132887,NA,87496888,86580,70152,97699,69142,123083
3/1/21,231815,2260719,2416093,NA,NA,3820369,2455569,2938371,3204531,4194289,NA,NA,40303520,NA,88264597,86955,70514,97945,69609,123187
3/2/21,232638,2277626,2426150,NA,NA,3843241,2462061,2955434,3130184,4200700,NA,NA,40639503,NA,88994478,87373,70926,98288,69801,123530
3/3/21,234034,2286728,2440218,NA,NA,3870144,2472913,2976274,3136321,4207120,NA,NA,40998387,NA,89887019,87695,71285,98635,70247,124017
3/4/21,235435,2295405,2453706,NA,NA,3895430,2484306,2999119,3142358,4213764,NA,NA,41338022,34046547,90933060,87988,71554,98974,70501,124259
3/5/21,236664,2302899,2467388,NA,NA,3918937,2493887,3023129,3149012,4219788,NA,NA,41716485,NA,91944455,88427,71852,99271,71138,124495
3/6/21,237654,2308094,2481372,NA,NA,3942243,2502151,3046762,3149012,4225906,NA,NA,42071509,NA,92427640,88597,71951,99578,71138,124654
3/7/21,238040,2314400,2494839,NA,NA,3964078,2508655,3067486,3149012,4231166,51847817,46291521,42342845,NA,93252192,88727,71984,99785,71138,124736
3/8/21,238841,2322734,2508732,NA,NA,3969612,2513784,3081368,3160970,4235989,NA,NA,42527529,NA,94863125,89090,72236,100103,71436,124801
3/9/21,239851,2331890,2521731,NA,NA,3992755,2520618,3101093,3164982,4241858,NA,NA,42873501,NA,96352115,89455,72534,100479,71727,125032
3/10/21,241331,2340473,2535483,NA,NA,4022429,2541781,3123368,3172101,4247879,NA,NA,43234541,NA,98018418,89707,72858,100811,71961,125222
3/11/21,242745,2349384,2550483,NA,NA,4050558,2546526,3149017,3178356,4254714,NA,NA,43606758,34815801,99753919,89984,73120,101184,72085,125403
3/12/21,243990,2356590,2564926,NA,NA,4075735,2559296,3175807,3183704,4261398,NA,NA,43976394,NA,101275568,90207,73348,101564,72258,125579
3/13/21,244927,2357374,2579896,NA,NA,4105527,2569864,3201838,3183704,4267015,NA,NA,44349338,NA,101747711,90376,73369,101881,72258,125701
3/14/21,245272,2368995,2589731,NA,NA,4131874,2578842,3223142,3183704,4271710,54880250,47571571,44623304,NA,102739526,90583,73463,102145,72258,125753
3/15/21,246083,2377584,2605538,NA,NA,4138345,2585385,3238394,3195062,4276840,NA,NA,44802319,NA,104422879,90924,73701,102499,72424,125817
3/16/21,247672,2387232,2619654,NA,NA,4168411,2603064,3258770,3200024,4282203,NA,NA,45171694,NA,105849755,91324,73952,103001,72565,125927
3/17/21,247672,2387743,2639370,NA,NA,4206912,2610769,3281810,3206116,4287996,NA,NA,45540778,NA,107584947,91411,74043,103432,72793,126068
3/18/21,250575,2405600,2655346,NA,NA,4241973,2639258,3306711,3212332,4294328,NA,NA,45894515,35564108,109160007,91833,74402,103855,72910,126163
3/19/21,250575,2413584,2671638,NA,NA,4277171,2654734,3332418,3212332,4299200,NA,NA,46259337,NA,110180128,92118,74608,104241,72910,126263
3/20/21,251238,2419292,2686236,NA,NA,4312510,2669233,3356331,3212332,4304839,NA,NA,46613817,NA,110684841,92295,74706,104642,72910,126359
3/21/21,251238,2426700,2699762,NA,NA,4343097,2670001,3376376,3212332,4310195,58425055,48941885,46890903,NA,112602641,92433,74756,104942,72910,126393
3/22/21,253477,2437183,2719477,NA,NA,4358910,2678262,3400877,3228803,4315602,NA,NA,47060099,NA,113930657,92776,75009,105328,73543,126411
3/23/21,254144,2448828,2753083,NA,NA,4373607,2699231,3419616,3234319,4321019,NA,NA,47395288,NA,114841325,93064,75255,105879,73744,126523
3/24/21,254144,2460019,2773215,NA,NA,4438999,2722988,3440862,3234319,4326645,NA,NA,47759055,NA,116704955,93310,75484,106339,73744,126621
3/25/21,257244,2471558,2794888,NA,NA,4484659,2744608,3464543,3247738,4332922,NA,NA,48108527,36315188,118144044,93535,75669,106799,74420,126684
3/26/21,258699,2481908,2814652,NA,NA,4526530,2765297,3488619,3255324,4339157,NA,NA,48463509,NA,118903237,94432,75828,107256,75010,126755
3/27/21,259987,2489198,2832939,NA,NA,4569164,2782925,3512453,3255324,4343066,NA,NA,48820585,NA,119404185,94623,75915,107636,75010,126813
3/28/21,260389,2499010,2850889,NA,NA,4606185,2784652,3532057,3255324,4347013,61033494,50362174,49093288,NA,121071863,94754,75959,107933,75010,126834
3/29/21,261447,2511417,2870614,NA,NA,4615295,2794949,3544957,3270825,4351796,NA,NA,49249985,NA,122092382,95114,76139,108350,75199,126857
3/30/21,262669,2525580,2889301,NA,NA,4646014,2818630,3561012,3275819,4355867,NA,NA,49551432,NA,122824208,95495,76389,108879,75305,126912
3/31/21,264511,2539660,2913045,NA,NA,4705068,2843644,3584899,3284353,4359982,NA,NA,49902497,NA,124147198,95798,76589,109346,75459,126955
4/1/21,266039,2552020,2933757,NA,NA,4755779,2866323,3607083,3291394,4364547,NA,NA,50258742,37051805,125225481,96106,76823,109847,75541,127006
4/2/21,267607,2566530,2953377,NA,NA,4802457,2882356,3629000,3291394,4367969,NA,NA,50589896,NA,125844450,96438,76940,110328,75541,127058
4/3/21,267607,2575740,2974688,NA,NA,4802545,2886029,3650247,3300965,4371393,NA,NA,50949110,NA,126284831,96439,77010,110704,75698,127068
4/4/21,269497,2585850,2988199,NA,NA,4883174,2896329,3668264,3300965,4373798,63373734,51543591,51200043,NA,127128065,96808,77060,111030,75698,127078
4/5/21,269937,2587580,2997522,NA,NA,4893971,2902309,3678944,3311325,4376629,NA,NA,51302838,NA,128000297,97005,77136,111326,75783,127106
4/6/21,269989,2604890,3019255,NA,NA,4902025,2909902,3686707,3317948,4379033,NA,NA,51415800,NA,128712320,97431,77245,111747,75911,127126
4/7/21,269989,2638320,3040182,NA,NA,4902985,2940279,3700393,3326736,4381830,NA,NA,51755739,NA,129798698,97444,77755,112374,76037,127171
4/8/21,274401,2640300,3060411,NA,NA,5000155,2966789,3717602,3336637,4384954,NA,NA,52117901,37778432,130849530,98196,78049,112861,76179,127224
4/9/21,274401,2654930,3086586,NA,NA,5000314,2990724,3736526,3347512,4380167,NA,NA,52466904,NA,131601153,98202,78295,113579,76328,127284
4/10/21,274401,2668910,3107069,NA,NA,5001685,3009452,3754077,3347512,4382880,NA,NA,52801766,NA,132121175,98213,78402,113923,76328,127324
4/11/21,278477,2692230,3122555,NA,NA,5119585,3012158,3769814,3347512,4384610,65428027,52713101,53054866,NA,133375844,98909,78500,114254,76328,127331
4/12/21,279624,2708320,3140565,NA,NA,5128140,3024604,3779594,3370256,4388296,NA,NA,53245501,NA,134397573,99294,78796,114612,76525,127346
4/13/21,280958,2726910,3158725,NA,NA,5167265,3054025,3793033,3376548,4390801,NA,NA,53550491,NA,135152009,99639,79137,115088,76625,127369
4/14/21,283059,2744940,3178976,NA,NA,5210772,3085142,3809193,3387022,4393330,NA,NA,53885257,NA,136363617,99936,79427,115557,76756,127407
4/15/21,284943,2747460,3200196,NA,NA,5248853,3110252,3826156,3396685,4396096,NA,NA,54204890,38691907,137478788,100232,79672,115937,76882,127438
4/16/21,286830,2763260,3218975,NA,NA,5285304,3134108,3842079,3407283,4398903,NA,NA,54532594,NA,138241531,100563,79894,116366,76981,127472
4/17/21,288182,2784540,3235459,NA,NA,5321176,3154305,3857443,3407283,4401176,NA,NA,54864328,NA,138771896,100752,79971,116676,76981,127508
4/18/21,288664,2795080,3248593,NA,NA,5350521,3155522,3870131,3407283,4403060,67588728,54025703,55094444,NA,140486853,100892,80052,116927,76981,127518
4/19/21,289796,2811890,3268262,NA,NA,5357229,3167137,3878994,3428354,4406114,NA,NA,55241172,NA,141704576,101339,80353,117243,77102,127524
4/20/21,291009,2831440,3290715,NA,NA,5401305,3198534,3891063,3428354,4408644,NA,NA,55535217,NA,142527783,101713,80680,117633,77102,127557
4/21/21,292859,2852890,3311267,NA,NA,5436229,3222888,3904899,3446072,4411068,NA,NA,55885251,NA,143949153,102046,80938,117997,77364,127577
4/22/21,294716,2856510,3330392,NA,NA,5469674,3254609,3920945,3456886,4413834,NA,NA,56250055,39591329,145213900,102323,81203,118357,77496,127597
4/23/21,296453,2876690,3351461,NA,NA,5502014,3276871,3935703,3468617,4416588,NA,NA,56565755,NA,146022203,102655,81492,118699,77591,127638
4/24/21,297886,2902900,3369048,NA,NA,5534656,3291293,3949517,3468617,4418710,NA,NA,56886535,NA,146560366,102872,81610,119021,77591,127670
4/25/21,298410,2917730,3382224,NA,NA,5559121,3306692,3962674,3468617,4420443,69845860,55453371,57126017,NA,148076928,103017,81671,119238,77591,127681
4/26/21,299611,2939900,3398763,NA,NA,5565080,3312653,3971114,3488469,4422562,NA,NA,57271836,NA,149291858,103415,82009,119539,77738,127688
4/27/21,300619,2960900,3413451,NA,NA,5595403,3338564,3981512,3496134,4425259,NA,NA,57574570,NA,150101360,103762,82325,119912,77855,127705
4/28/21,302323,2966590,3431867,NA,NA,5626985,3366827,3994894,3504799,4427390,NA,NA,57910906,NA,151516625,104077,82588,120256,77943,127734
4/29/21,304042,2987910,3449955,NA,NA,5653533,3391039,4009208,3514942,4429849,NA,NA,58240981,40481866,152743200,104385,82865,120544,78080,127759
4/30/21,305692,3008640,3465576,NA,NA,5677835,3405365,4022653,3524077,4432246,NA,NA,58579752,NA,153491922,104675,83097,120807,78216,127775
5/1/21,307039,3025120,3484042,NA,NA,5703505,3423900,4035617,3524077,4434157,NA,NA,58957954,NA,154011981,104867,83207,121033,78216,127782
5/2/21,307500,3051730,3492679,NA,NA,5713393,3432676,4044762,3524077,4435831,71926378,56814331,59114826,NA,154880126,104980,83292,121177,78216,127796
5/3/21,308493,3053770,3505717,NA,NA,5717160,3438186,4050708,3540430,4437505,NA,NA,59236655,NA,156093792,105291,83605,121433,78293,127797
5/4/21,309118,3075230,3524194,NA,NA,5741537,3462297,4059821,3544945,4439489,NA,NA,59552161,NA,157088742,105548,83890,121738,78399,127803
5/5/21,311037,3118660,3541266,NA,NA,5767541,3484755,4070400,3551262,4441644,NA,NA,59879330,NA,158363333,105792,84141,122005,78566,127830
5/6/21,312621,3140330,3557133,NA,NA,5789283,3502672,4082198,3559222,4444262,NA,NA,60203970,41309878,159580869,106011,84425,122263,78726,127843
5/7/21,314146,3142640,3572713,NA,NA,5808421,3517762,4092747,3567408,4446752,NA,NA,60532582,NA,160342371,106262,84659,122470,78792,127858
5/8/21,315324,3160630,3590107,NA,NA,5829166,3530887,4102921,3567408,4448808,NA,NA,60871018,NA,160869162,106438,84789,122694,78792,127863
5/9/21,315726,3187100,3604523,NA,NA,5838294,3530887,4111210,3567408,4450578,74267855,58070055,61097024,NA,162226572,106553,84844,122833,78792,127865
5/10/21,316648,3188710,3619586,NA,NA,5841593,3538208,4116287,3581392,4452956,NA,NA,61227024,NA,163345211,106845,85118,123031,78895,127870
5/11/21,316468,3231090,3636089,NA,NA,5861384,3557904,4123230,3586333,4455446,NA,NA,61513452,NA,164129675,107096,85385,123282,79100,127890
5/12/21,317958,3233630,3655112,NA,NA,5882882,3564494,4131078,3592751,4457742,NA,NA,61820196,NA,165362038,107280,85451,123544,79208,127901
5/13/21,319025,3268190,3669407,NA,NA,5902343,3578125,4139160,3598452,4460405,NA,NA,62107222,42104541,164012960,107411,85853,123745,79281,127912
5/14/21,319798,3284300,3683189,NA,NA,5909386,3588502,4146722,3604799,4462603,NA,NA,62405408,NA,164769141,107584,86030,123927,79339,127930
5/15/21,320711,3292700,3696481,NA,NA,5925071,3595872,4153374,3604799,4464663,NA,NA,62700094,NA,165259759,107696,86100,124063,79339,127937
5/16/21,321026,3306260,3706084,NA,NA,5939019,3602939,4159122,3604799,4466589,76261702,59170314,62902667,NA,166384182,107777,86166,124156,79339,127941
5/17/21,321874,3323190,3715389,NA,NA,5942370,3608320,4162576,3615860,4468582,NA,NA,63021591,NA,167599744,107973,86386,124296,79432,127946
5/18/21,323205,3342350,3727220,NA,NA,5959593,3615896,4167025,3619848,4466220,NA,NA,63284455,NA,168404482,108201,86671,124497,79502,127953
5/19/21,324444,3359530,3741149,NA,NA,5978650,3627777,4172525,3625928,4468366,NA,NA,63571711,NA,169635175,108342,86908,124646,79568,127956
5/20/21,324444,3376100,3753965,NA,NA,5629983,3638504,4178261,3631661,4471065,NA,NA,63822748,42861326,170774076,108475,87135,124810,79601,127963
5/21/21,324444,3390400,3766660,NA,NA,5642786,3646600,4183476,3636453,4473773,NA,NA,64092492,NA,171561923,108598,87303,125028,79620,127972
5/22/21,324444,3398700,3779293,NA,NA,5655397,3653019,4188190,3636453,4476297,NA,NA,64379095,NA,172094944,108687,87385,125153,79620,127978
5/23/21,324444,3410040,3785866,NA,NA,5665101,3657662,4192183,3636453,4478390,78284376,60389193,64558486,NA,173297678,108757,87429,125225,79620,127983
5/24/21,327886,3425380,3792898,NA,NA,5667331,3659990,4194672,3647520,4480760,NA,NA,64665967,NA,174394703,108819,87461,125335,79711,127986
5/25/21,327636,3439570,3804246,NA,NA,5670486,3662568,4197892,3652879,4483177,NA,NA,64918613,NA,175208582,109040,87733,125501,79801,128001
5/26/21,328943,3452290,3816176,NA,NA,5683143,3667041,4201827,3657886,4486168,NA,NA,65179575,NA,176394409,109185,88000,125622,79855,128010
5/27/21,329920,3463130,3826984,NA,NA,5697076,3673990,4205970,3663176,4489552,NA,NA,65423542,43613580,177486846,109327,88192,125793,79888,128020
5/28/21,331006,3472650,3837518,NA,NA,5708350,3680159,4209707,3668658,4493582,NA,NA,65673453,NA,178229622,109452,88360,125919,79905,128030
5/29/21,331686,3479700,3845087,NA,NA,5719877,3684672,4213055,3668658,4496823,NA,NA,65920783,NA,178748832,109518,88413,126002,79905,128037
5/30/21,331911,3487850,3851661,NA,NA,5728418,3687715,4216003,3668658,4499937,NA,61359192,66085278,NA,163676040,109562,88431,126046,79905,128043
5/31/21,332474,3498580,3858019,NA,NA,5728788,3689921,4217821,3678390,4503231,NA,NA,66172255,NA,164261439,109690,88601,126128,79953,128045
6/1/21,333397,3509660,3868332,NA,NA,5738641,3692908,4220304,3682778,4506333,NA,NA,66394073,NA,164914927,109824,88781,126221,79983,128045
6/2/21,333397,3518860,3886867,NA,NA,5739995,3698004,4223200,3687762,4510597,NA,NA,66620345,NA,165751823,109841,88945,126283,80049,128057
6/3/21,334930,3526110,3893259,NA,NA,5755679,3701692,4225163,3693012,4515778,NA,NA,66717978,44319367,166556968,109990,89031,126342,80049,128075
6/4/21,335715,3533860,3901112,NA,NA,5762637,3704685,4227719,3697981,4521922,NA,NA,66938917,NA,167207457,110078,89152,126415,80195,128086
6/5/21,336178,3538290,3908312,NA,NA,5769291,3706934,4230153,3697981,4527577,NA,NA,67177549,NA,167676121,110135,89228,126472,80196,128099
6/6/21,336313,3542000,3913633,NA,NA,5774361,3708898,4232428,3697981,4532802,NA,62243024,67327507,NA,168901375,110160,89249,126523,80196,128103
6/7/21,336806,3549820,3918657,NA,NA,5775535,3710342,4233698,3707523,4538399,NA,NA,67412074,NA,169816779,110224,89390,126588,80236,128104
6/8/21,335174,3557840,3927176,NA,NA,5781556,3712595,4235592,3711027,4544372,NA,NA,67632991,NA,170532430,110299,89497,126690,80309,128118
6/9/21,335947,3563140,3936088,NA,NA,5787125,3715870,4237790,3715454,4551694,NA,NA,67851729,NA,171596809,110364,89592,126767,80332,128124
6/10/21,336579,3568460,3943704,NA,NA,5791608,3718617,4239868,3729458,4558933,NA,NA,68039849,45029264,172560660,110432,89693,126855,80465,128131
6/11/21,337201,3574000,3949597,NA,NA,5795487,3720811,4241760,3733600,4566893,NA,NA,68257459,NA,173287483,110506,89821,126924,80501,128148
6/12/21,337566,3577840,3954097,NA,NA,5799459,3722295,4243482,3733600,4574445,NA,NA,68470425,NA,173804097,110540,89841,126976,80501,128160
6/13/21,337668,3581340,3957557,NA,NA,5802314,3723295,4244872,3733600,4581779,NA,63078391,68604561,NA,174843345,110553,89849,127002,80501,128168
6/14/21,338034,3585660,3960951,NA,NA,5803012,3724168,4245779,3741767,4589400,NA,NA,68683489,NA,175765824,110616,89944,127038,80517,128171
6/15/21,337467,3590610,4014025,NA,NA,5806255,3725328,4247032,3745199,4596994,NA,NA,68896197,NA,176532831,110692,90079,127101,80579,128181
6/16/21,337995,3593730,4019424,NA,NA,5809319,3726767,4248432,3749031,4605805,NA,NA,69099370,NA,177621341,110740,90185,127153,80615,128190
6/17/21,338555,3597940,4023957,NA,NA,5811461,3727668,4249755,3753228,4616628,NA,NA,69299685,45670625,178673806,110796,90277,127190,80634,128209
6/18/21,339027,3600360,4031605,NA,NA,5814648,3728601,4250902,3757442,4626915,NA,NA,69515711,NA,179447259,110864,90374,127225,80652,128220
6/19/21,339290,3602150,4035692,NA,NA,5817272,3729597,4252095,3757442,4636991,NA,NA,69765699,NA,180019948,110886,90390,127253,80652,128234
6/20/21,339339,3604050,4037996,NA,NA,5819088,3730126,4252976,3757442,4646068,NA,63809113,69916221,NA,181153352,110900,90400,127270,80652,128240
6/21/21,339638,3606150,4049316,NA,NA,5819584,3730619,4253460,3764651,4656536,NA,NA,69997973,NA,182165165,110940,90477,127291,80689,128245
6/22/21,338834,3609310,4054008,NA,NA,5821797,3731304,4254294,3768691,4668043,NA,NA,70190855,NA,182977359,110991,90553,127322,80719,128272
6/23/21,339232,3612840,4059463,NA,NA,5824127,3732439,4255434,3773032,4683986,NA,NA,70388886,NA,184123513,111024,90620,127352,80748,128291
6/24/21,339701,3616140,4066029,NA,NA,5826278,3732914,4255700,3777539,4700691,NA,NA,70577077,46301846,185193284,111068,90685,127362,80766,128312
6/25/21,340005,3617470,4068798,NA,NA,5828266,3733665,4256451,3782463,4716065,NA,NA,70769618,NA,186029960,111101,90752,127418,80779,128330
6/26/21,340230,3618510,4072099,NA,NA,5830394,3734153,4257289,3782463,4734011,NA,NA,70994111,NA,186635492,111113,90761,127458,80779,128353
6/27/21,340293,3619010,4073435,NA,NA,5831972,3734489,4258069,3782463,4748644,NA,64523590,71131694,NA,187837275,111130,90768,127472,80779,128364
6/28/21,340555,3620830,4076274,NA,NA,5832490,3734830,4258456,3792642,4771367,NA,NA,71207555,NA,188916528,111174,90826,127500,80789,128367
6/29/21,340876,3622220,4078767,NA,NA,5835885,3735399,4259133,3799733,4791628,NA,NA,71398190,NA,189785460,111230,90883,127542,80829,128390
6/30/21,340159,3623800,4081902,NA,NA,5837265,3736205,4259909,3808960,4817298,NA,NA,71583206,NA,191016361,111244,90945,127566,80875,128404
7/1/21,340446,3625010,4083843,NA,NA,5839967,3736959,4260788,3821305,4844944,NA,NA,71771680,47070708,192140157,111298,91014,127587,80883,128426
7/2/21,340724,3625740,4086188,NA,NA,5842654,3737630,4261582,3833868,4871807,NA,NA,71970918,NA,192996544,111322,91032,127615,80911,128453
7/3/21,340889,3626610,4089298,NA,NA,5845660,3738059,4262511,3833868,4896272,NA,NA,72199045,NA,193635879,111339,91040,127637,80911,128471
7/4/21,340920,3627520,4091004,NA,NA,5848209,3738470,4263317,3833868,4920168,NA,65250422,72340685,NA,194892032,111348,91039,127649,80911,128486
7/5/21,341121,3628600,4092586,NA,NA,5849011,3738862,4263797,3866475,4947274,NA,NA,72415334,NA,196036651,111385,91068,127680,80934,128495
7/6/21,340385,3628910,4094421,NA,NA,5852599,3739575,4264704,3880612,4975903,NA,NA,72607758,NA,196990166,111420,91118,127704,80952,128532
7/7/21,340586,3630340,4096156,NA,NA,5856682,3740567,4265714,3897996,5007964,NA,NA,72785735,NA,198205560,111448,91148,127718,80969,128565
7/8/21,340816,3631310,4097905,NA,NA,5861128,3741470,4267105,3915313,5040060,NA,NA,72960587,48047600,199315990,111473,91197,127731,80997,128601
7/9/21,341046,3632230,4099339,NA,NA,5865767,3742355,4268491,3937192,5075945,NA,NA,73157509,NA,200210184,111492,91232,127756,81003,128631
7/10/21,341218,3632330,4101102,NA,NA,5870463,3743164,4269885,3937192,5107780,NA,NA,73365928,NA,200933971,111511,91239,127768,81003,128665
7/11/21,341237,3632930,4102420,NA,NA,5874719,3743732,4271276,3937192,5139162,NA,65862647,73509260,NA,202034069,111515,91241,127775,81003,128691
7/12/21,341520,3633520,4103949,NA,NA,5875987,3744285,4272163,3971124,5173972,NA,NA,73582831,NA,203090269,111543,91268,127788,81020,128697
7/13/21,340616,3634550,4105236,NA,NA,5882945,3745312,4273693,4015084,5210472,NA,NA,73775374,NA,204010907,111597,91295,127808,81033,128747
7/14/21,340616,3635420,4106315,NA,NA,5884395,3746935,4275846,4041474,5252655,NA,NA,73985973,NA,205201783,111609,91326,127831,81043,128797
7/15/21,340929,3636120,4109579,NA,NA,5895453,3748379,4278319,4069162,5301296,NA,NA,74176895,49245050,206399955,111619,91346,127840,81084,128864
7/16/21,341209,3636960,4110649,NA,NA,5906448,3749944,4281214,4100222,5353245,NA,NA,74382497,NA,207361441,111641,91367,127851,81096,128913
7/17/21,341351,3637480,4112977,NA,NA,5917397,3751253,4284332,4100222,5407428,NA,NA,74627294,NA,208132533,111657,91369,127864,81096,128960
7/18/21,341381,3638720,4113478,NA,NA,5929929,3752236,4287458,4100222,5455276,NA,66468568,74792563,NA,209161245,111662,91370,127867,81096,128988
7/19/21,341615,3639640,4114129,NA,NA,5934122,3753220,4289528,4161850,5495947,NA,NA,74881652,NA,210256183,111682,91404,127874,81119,129007
7/20/21,340769,3640270,4115889,NA,NA,5952339,3754846,4293083,4189136,5542635,NA,NA,75100357,NA,211132818,111715,91423,127884,81148,129109
7/21/21,341053,3641100,4118124,NA,NA,5973912,3756497,4297337,4219723,5586716,NA,NA,75335454,NA,212157873,111737,91466,127905,81166,129182
7/22/21,341358,3642010,4119607,NA,NA,5996060,3758425,4302393,4249258,5626745,NA,NA,75555232,50542262,213210454,111749,91505,127920,81194,129266
7/23/21,341672,3642120,4120846,NA,NA,6015469,3760291,4307535,4280429,5662838,NA,NA,75792867,NA,214106361,111778,91514,127937,81221,129330
7/24/21,341848,3643350,4122208,NA,NA,6041146,3761869,4312673,4280429,5694462,NA,NA,76051796,NA,214851308,111800,91531,127942,81221,129418
7/25/21,341877,3644560,4123209,NA,NA,6056388,3763018,4317415,4280429,5723399,NA,67061080,76228449,NA,215630025,111806,91534,127949,81221,129446
7/26/21,342182,3645870,4124323,NA,NA,6061802,3764441,4320530,4342054,5748331,NA,NA,76316696,NA,216435477,111851,91573,127971,81268,129460
7/27/21,342647,3647240,4126741,NA,NA,6088930,3766501,4325046,4368453,5771732,NA,NA,76558586,NA,217219033,111883,91592,127995,81323,129591
7/28/21,341160,3653990,4128568,NA,NA,6116853,3769552,4330739,4395602,5797445,NA,NA,76807058,NA,218117010,111923,91709,128010,81396,129718
7/29/21,341577,3649670,4130393,NA,NA,6142282,3772326,4336906,4422291,5828316,NA,NA,77031848,51805619,218993014,111951,91622,128029,81442,129809
7/30/21,342009,3652400,4132510,NA,NA,6166690,3774918,4343519,4447044,5857639,NA,NA,77279334,NA,219818339,112011,91663,128047,81486,129877
7/31/21,342374,3653150,4134680,NA,NA,6190334,3776724,4350028,4447044,5883421,NA,NA,77544194,NA,220481922,112055,91666,128063,81486,129949
8/1/21,342482,3654720,4135930,NA,NA,6209934,3778277,4355348,4447044,5907594,NA,67642419,77711955,NA,221140409,112073,91666,128068,81486,130014
8/2/21,342482,3654950,4137428,NA,NA,6218526,3779797,4358533,4502983,5929881,NA,NA,77795178,NA,221855623,112128,91685,128088,81643,130039
8/3/21,341758,3658150,4141043,NA,NA,6242948,3782344,4363374,4523310,5951736,NA,NA,78004897,NA,222593976,112185,91710,128115,81773,130179
8/4/21,342253,3659260,4144608,NA,NA,6272189,3786003,4369964,4545184,5980887,NA,NA,78220645,NA,223429443,112233,91736,128136,81844,130300
8/5/21,NA,NA,NA,NA,NA,6299138,3789460,4377188,4566571,6010896,NA,NA,78432872,52965136,224253002,112283,91761,128163,81931,130390
8/6/21,NA,NA,NA,NA,NA,6325144,3792848,4383787,4588132,6042529,NA,NA,78677529,NA,225032301,112347,91785,128187,82006,130482
8/7/21,NA,NA,NA,NA,NA,6350899,3795609,4390684,4588132,6070873,NA,NA,78971392,NA,225680850,112379,91789,128209,82006,130585
8/8/21,NA,NA,NA,NA,NA,6371349,3797849,4396417,4588132,6098117,NA,68230989,79174903,NA,226357460,112407,91791,128220,82006,130630
8/9/21,NA,NA,NA,NA,NA,6378567,3800069,4400617,4627770,6123173,NA,NA,79277767,NA,227073461,112484,91810,128242,82125,130667
8/10/21,NA,NA,NA,NA,NA,6407288,3803351,4406241,4643450,6146642,NA,NA,79519533,NA,227812237,112575,91824,128273,82227,130813
8/11/21,NA,NA,NA,NA,NA,6440082,3808838,4413162,4660473,6176023,NA,NA,79749572,NA,228640287,112620,91841,128304,82320,130921
8/12/21,NA,NA,NA,NA,NA,6469753,3814335,4420429,4677883,6208908,NA,NA,79966541,53892999,229472464,112700,91860,128334,82407,131016
8/13/21,NA,NA,NA,NA,NA,6497500,3819871,4427827,4693540,6241447,NA,NA,80192027,NA,230284013,112778,91871,128379,82470,131116
8/14/21,NA,NA,NA,NA,NA,6521927,3824546,4435008,4693540,6270673,NA,NA,80446033,NA,230927295,112829,91874,128413,82470,131210
8/15/21,NA,NA,NA,NA,NA,6543099,3828278,4440669,4693540,6297157,NA,68790183,80606903,NA,231588398,112873,91878,128432,82470,131269
8/16/21,NA,NA,NA,NA,NA,6556496,3831827,4444338,4719266,6325515,NA,NA,80680924,NA,232278737,112992,91905,128456,82595,131296
8/17/21,NA,NA,NA,NA,NA,6581417,3837218,4449606,4733602,6352224,NA,NA,80918997,NA,232996599,113116,91927,128510,82739,131466
8/18/21,NA,NA,NA,NA,NA,6611444,3846226,4456765,4745558,6385982,NA,NA,81145420,NA,233809959,113239,91949,128579,82883,131577
8/19/21,NA,NA,NA,NA,NA,6636833,3854529,4464005,4758003,6422515,NA,NA,81351951,NA,234648590,113376,91963,128634,83004,131691
8/20/21,NA,NA,NA,NA,NA,6660315,3863495,4471225,4770453,6459643,NA,NA,81572607,NA,NA,113472,91980,128683,83136,131805
8/21/21,NA,NA,NA,NA,NA,6682952,3870095,4478691,4770453,6491529,NA,NA,81827825,NA,NA,113472,91983,128728,83136,131909
8/22/21,NA,NA,NA,NA,NA,6700252,3876041,4484613,4770453,6523563,NA,NA,82003364,NA,NA,113472,91987,128751,83136,131958